<?xml version="1.0" encoding="UTF-8"?>
<root>
  <item name="com.google.android.cameraview.CameraView int getFacing()">
    <annotation name="androidx.annotation.IntDef">
      <val name="value" val="{com.google.android.cameraview.CameraView.FACING_BACK, com.google.android.cameraview.CameraView.FACING_FRONT}" />
    </annotation>
  </item>
  <item name="com.google.android.cameraview.CameraView int getFlash()">
    <annotation name="androidx.annotation.IntDef">
      <val name="value" val="{com.google.android.cameraview.CameraView.FLASH_OFF, com.google.android.cameraview.CameraView.FLASH_ON, com.google.android.cameraview.CameraView.FLASH_TORCH, com.google.android.cameraview.CameraView.FLASH_AUTO, com.google.android.cameraview.CameraView.FLASH_RED_EYE}" />
    </annotation>
  </item>
  <item name="com.google.android.cameraview.CameraView void setFacing(int) 0">
    <annotation name="androidx.annotation.IntDef">
      <val name="value" val="{com.google.android.cameraview.CameraView.FACING_BACK, com.google.android.cameraview.CameraView.FACING_FRONT}" />
    </annotation>
  </item>
  <item name="com.google.android.cameraview.CameraView void setFlash(int) 0">
    <annotation name="androidx.annotation.IntDef">
      <val name="value" val="{com.google.android.cameraview.CameraView.FLASH_OFF, com.google.android.cameraview.CameraView.FLASH_ON, com.google.android.cameraview.CameraView.FLASH_TORCH, com.google.android.cameraview.CameraView.FLASH_AUTO, com.google.android.cameraview.CameraView.FLASH_RED_EYE}" />
    </annotation>
  </item>
  <item name="com.google.android.cameraview.CameraView.Facing">
    <annotation name="androidx.annotation.IntDef">
      <val name="value" val="{com.google.android.cameraview.CameraView.FACING_BACK, com.google.android.cameraview.CameraView.FACING_FRONT}" />
    </annotation>
  </item>
  <item name="com.google.android.cameraview.CameraView.Flash">
    <annotation name="androidx.annotation.IntDef">
      <val name="value" val="{com.google.android.cameraview.CameraView.FLASH_OFF, com.google.android.cameraview.CameraView.FLASH_ON, com.google.android.cameraview.CameraView.FLASH_TORCH, com.google.android.cameraview.CameraView.FLASH_AUTO, com.google.android.cameraview.CameraView.FLASH_RED_EYE}" />
    </annotation>
  </item>
  <item name="com.google.android.cameraview.CameraView.SavedState facing">
    <annotation name="androidx.annotation.IntDef">
      <val name="value" val="{com.google.android.cameraview.CameraView.FACING_BACK, com.google.android.cameraview.CameraView.FACING_FRONT}" />
    </annotation>
  </item>
  <item name="com.google.android.cameraview.CameraView.SavedState flash">
    <annotation name="androidx.annotation.IntDef">
      <val name="value" val="{com.google.android.cameraview.CameraView.FLASH_OFF, com.google.android.cameraview.CameraView.FLASH_ON, com.google.android.cameraview.CameraView.FLASH_TORCH, com.google.android.cameraview.CameraView.FLASH_AUTO, com.google.android.cameraview.CameraView.FLASH_RED_EYE}" />
    </annotation>
  </item>
</root>

